User Input,Chatbot Response,Timestamp
hi,Hi there,2025-04-05 10:31:31
can you help me with something,How can I assist you?,2024-12-10 10:31:47
What do you know about programming,I can answer questions and provide assistance,2024-12-10 10:32:23
What do you know about programming with python,I am a chatbot,2024-12-10 10:32:32
What are you doing?,My purpose is to assist you,2024-12-10 10:44:38
can you help me with my studies,How can I assist you?,2024-12-10 10:44:59
What should i call you,My name is talkBot.,2024-12-10 10:47:31
can you help me put up a budget,"Sure, what do you need help with?",2024-12-10 10:47:47
tell me a joke,Why don't skeletons fight each other? They don't have the guts!,2024-12-10 10:48:16
what is a credit score,"A credit score is a number that represents your creditworthiness. It is based on your credit history and is used by lenders to determine whether or not to lend you money. The higher your credit score, the more likely you are to be approved for credit.",2024-12-10 10:48:49
How are you?,My purpose is to assist you,2024-12-10 10:50:14
Tell me a joke,Why donâ€™t scientists trust atoms? Because they make up everything!,2024-12-10 10:50:24
what should i call you?,You can call me talkBot.,2024-12-10 10:50:43
can you help me with something,"Sure, what do you need help with?",2024-12-10 10:50:57
What is credit score,You can check your credit score for free on several websites such as Credit Karma and Credit Sesame.,2024-12-10 10:51:08
hello,Hey,2025-06-17 18:56:47
kya ho rha hai,"Gardening tips include choosing the right plants for your climate, watering properly, and using organic fertilizers.",2025-06-17 18:57:18
who are you,My purpose is to assist you,2025-06-17 18:57:41
what is your name,You can call me talkBot.,2025-06-17 18:57:51
talkBot how are you,My purpose is to assist you,2025-06-17 18:58:10
how are you,My purpose is to assist you,2025-06-17 18:58:17
how are you ?,I can answer questions and provide assistance,2025-06-17 18:58:26
hi,Hello,2025-06-17 19:42:49
